"","beta.est","beta.se","sigma.est","sigma.se"
"ones",-12.7282881099466,0.409429642709109,4.97585611849667,0.102983750769152
"hpwt",1.44252147148083,0.476644966758077,0.370902495197919,0.775695273171681
"air",-0.0734258681377379,0.171745641963752,1.48791018055999,0.091612379939915
"mpd",0.231483612106231,0.050174758308651,0.016175916335833,0.301609309648593
"space",2.96639054970551,0.123974103564685,0.138976550328527,0.587349240008834
"logPRICE",-2.19947024152098,0.217374717470639,0,0.797534017682032
