"","beta.est","beta.se","sigma.est","sigma.se"
"ones",-11.2349202454693,0.400908027799955,4.31248150158316,0.0801886081423121
"hpwt",1.49002763137366,0.466814032709307,0,2.59406577064317
"air",0.328222666581546,0.167472887332237,0.97636822706784,0.26909956642817
"mpd",0.187799269993796,0.0494425054113176,0,0.501015483765882
"space",2.91575531744468,0.124137881019535,0.0584948722671264,0.516093513856932
"logPRICE",-2.38303342206673,0.211040070714588,0.073573212607393,0.508181542603415
